<Interlink id="areas_conhecimento">
        <SourceDataset dataSource="SIA" var="a" typeUri="http://www.w3.org/2004/02/skos/core#Concept">
        <RestrictTo>
          
        </RestrictTo>
      </SourceDataset>
        <TargetDataset dataSource="DBPedia" var="b" typeUri="">
        <RestrictTo>
          
        </RestrictTo>
      </TargetDataset>
        <LinkageRule linkType="&lt;http://www.w3.org/2002/07/owl#sameAs&gt;">
        <Compare id="levenshteinDistance1" required="false" weight="1" metric="levenshteinDistance" threshold="0.5" indexing="true">
            <TransformInput id="normalizeChars1" function="normalizeChars">
            <TransformInput id="removeEmptyValues1" function="removeEmptyValues">
            <TransformInput id="lowerCase1" function="lowerCase">
            <Input id="sourcePath1" path="/&lt;http://www.w3.org/2004/02/skos/core#prefLabel&gt;"/>
            
          </TransformInput>
            
          </TransformInput>
            
          </TransformInput><TransformInput id="normalizeChars2" function="normalizeChars">
            <TransformInput id="lowerCase2" function="lowerCase">
            <Input id="targetPath1" path="/&lt;http://www.w3.org/2000/01/rdf-schema#label&gt;"/>
            
          </TransformInput>
            
          </TransformInput><Param name="minChar" value="0"/><Param name="maxChar" value="z"/>
          </Compare>
        <Filter/>
      </LinkageRule>
        <Outputs>
          <Output id="SIA_Links3"></Output>
        </Outputs>
      </Interlink>