<Types>
  <Type frequency="1.0">http://www.w3.org/1999/02/22-rdf-syntax-ns#Property</Type>
  <Type frequency="0.25">http://www.w3.org/2002/07/owl#SymmetricProperty</Type>
  <Type frequency="0.25">http://www.w3.org/2002/07/owl#TransitiveProperty</Type>
  <Type frequency="0.1875">http://www.w3.org/2000/01/rdf-schema#Class</Type>
  <Type frequency="0.1875">http://www.w3.org/2000/01/rdf-schema#Datatype</Type>
  <Type frequency="0.0625">http://www.w3.org/1999/02/22-rdf-syntax-ns#List</Type>
  <Type frequency="0.0625">http://www.w3.org/2000/01/rdf-schema#ContainerMembershipProperty</Type>
</Types>
