<Dataset id="DBPedia2" type="sparqlEndpoint">
  <Param name="pageSize" value="5000"/>
  <Param name="pauseTime" value="0"/>
  <Param name="retryCount" value="3"/>
  <Param name="endpointURI" value="http://localhost:7200/repositories/dbpedia"/>
  <Param name="retryPause" value="1000"/>
  <Param name="graph" value=""/>
  <Param name="queryParameters" value=""/>
  <Param name="login" value="admin"/>
  <Param name="useOrderBy" value="true"/>
  <Param name="entityList" value=""/>
  <Param name="parallel" value="true"/>
  <Param name="password" value="admin"/>
</Dataset>
