<Dataset id="SIA" type="sparqlEndpoint">
  <Param name="pageSize" value="900"/>
  <Param name="pauseTime" value="0"/>
  <Param name="retryCount" value="3"/>
  <Param name="endpointURI" value="http://localhost:2020/sparql"/>
  <Param name="retryPause" value="1000"/>
  <Param name="graph" value=""/>
  <Param name="queryParameters" value=""/>
  <Param name="login" value=""/>
  <Param name="useOrderBy" value="true"/>
  <Param name="entityList" value=""/>
  <Param name="parallel" value="false"/>
  <Param name="password" value=""/>
</Dataset>
