<Types>
  <Type frequency="1.0">http://www.w3.org/1999/02/22-rdf-syntax-ns#Property</Type>
  <Type frequency="1.0">http://www.w3.org/2000/01/rdf-schema#Class</Type>
  <Type frequency="0.2857142857142857">http://www.w3.org/2002/07/owl#SymmetricProperty</Type>
  <Type frequency="0.2857142857142857">http://www.w3.org/2002/07/owl#TransitiveProperty</Type>
  <Type frequency="0.21428571428571427">http://www.w3.org/2000/01/rdf-schema#Datatype</Type>
  <Type frequency="0.07142857142857142">http://www.w3.org/1999/02/22-rdf-syntax-ns#List</Type>
  <Type frequency="0.07142857142857142">http://www.w3.org/2000/01/rdf-schema#ContainerMembershipProperty</Type>
</Types>
