<Types>
  <Type frequency="1.0">http://www.w3.org/2004/02/skos/core#Concept</Type>
  <Type frequency="0.5328645153972665">foaf:Person</Type>
  <Type frequency="0.5328645153972665">schema:Person</Type>
  <Type frequency="0.1711563545624681">http://data.semanticweb.org/ns/swc/ontology/Artefact</Type>
  <Type frequency="0.1711563545624681">http://dbpedia.org/ontology/Article</Type>
  <Type frequency="0.1711563545624681">http://purl.org/dc/terms/BibliographicResource</Type>
  <Type frequency="0.1711563545624681">http://purl.org/ontology/bibo/Article</Type>
  <Type frequency="0.1711563545624681">http://www.schema.org/Article</Type>
  <Type frequency="0.1711563545624681">http://xmlns.com/foaf/0.1/Document</Type>
  <Type frequency="0.10171269778256678">swc:TalkEvent</Type>
  <Type frequency="0.06592752225939999">swc:Poster</Type>
  <Type frequency="0.03765666647762718">http://www.schema.org/EducationalOrganization</Type>
  <Type frequency="0.03765666647762718">http://xmlns.com/foaf/0.1/Organization</Type>
  <Type frequency="0.012334826745307094">http://purl.org/vocab/aiiso/schema#Course</Type>
  <Type frequency="0.012334826745307094">http://www.schema.org/Course</Type>
  <Type frequency="9.073895536777632E-4">swc:WorkshopEvent</Type>
</Types>
