<Interlink id="Artigos_see_also">
        <SourceDataset dataSource="SIA" var="a" typeUri="http://schema.org/Article">
        <RestrictTo>
          ?a &lt;http://schema.org/genre&gt; &lt;http://localhost:2020/resource/area_conhecimento/10400001&gt; .
        </RestrictTo>
      </SourceDataset>
        <TargetDataset dataSource="DBPedia2" var="b" typeUri="">
        <RestrictTo>
          
        </RestrictTo>
      </TargetDataset>
        <LinkageRule linkType="&lt;http://www.w3.org/2002/07/owl#seeAlso&gt;">
        <Aggregate id="min1" required="false" weight="1" type="min">
            <Compare id="jaccard1" required="false" weight="1" metric="jaccard" threshold="0.0" indexing="true">
            <TransformInput id="regexReplace1" function="regexReplace">
            <TransformInput id="lowerCase3" function="lowerCase">
            <Input id="sourcePath2" path="/&lt;http://schema.org/text&gt;"/>
            
          </TransformInput>
            <Param name="regex" value="/&lt;[^&gt;]*&gt;/img"/><Param name="replace" value=""/>
          </TransformInput><TransformInput id="lowerCase4" function="lowerCase">
            <Input id="targetPath2" path="/&lt;http://dbpedia.org/ontology/abstract&gt;"/>
            
          </TransformInput>
          </Compare><Compare id="levenshteinDistance1" required="false" weight="1" metric="levenshteinDistance" threshold="0.5" indexing="true">
            <TransformInput id="lowerCase" function="lowerCase">
            <Input id="sourcePath1" path="/&lt;http://schema.org/name&gt;"/>
            
          </TransformInput><TransformInput id="lowerCase2" function="lowerCase">
            <Input id="targetPath1" path="/&lt;http://www.w3.org/2000/01/rdf-schema#label&gt;"/>
            
          </TransformInput><Param name="minChar" value="0"/><Param name="maxChar" value="z"/>
          </Compare><Compare id="jaccard2" required="false" weight="1" metric="jaccard" threshold="0.0" indexing="true">
            <TransformInput id="normalizeChars1" function="normalizeChars">
            <TransformInput id="lowerCase5" function="lowerCase">
            <Input id="sourcePath3" path="/&lt;http://schema.org/name&gt;"/>
            
          </TransformInput>
            
          </TransformInput><TransformInput id="normalizeChars2" function="normalizeChars">
            <TransformInput id="lowerCase6" function="lowerCase">
            <Input id="targetPath3" path="/&lt;http://dbpedia.org/ontology/abstract&gt;"/>
            
          </TransformInput>
            
          </TransformInput>
          </Compare>
          </Aggregate>
        <Filter/>
      </LinkageRule>
        <Outputs>
          <Output id="SIA_Links2"></Output>
        </Outputs>
      </Interlink>