<Pair>
  <Source>
    <EntityDescription>
      <Type>schema:Article</Type>
      <Restriction></Restriction>
      <Paths>
        <Path>/&lt;http://schema.org/name&gt;</Path>
        <Path>/&lt;http://schema.org/text&gt;</Path>
      </Paths>
    </EntityDescription>
  </Source>
  <Target>
    <EntityDescription>
      <Type></Type>
      <Restriction></Restriction>
      <Paths>
        <Path>/&lt;http://www.w3.org/2000/01/rdf-schema#label&gt;</Path>
        <Path>/&lt;http://dbpedia.org/ontology/abstract&gt;</Path>
      </Paths>
    </EntityDescription>
  </Target>
</Pair>
